Resolution,Megapixels,NPP Time (ms)
320x180,0.0576,0.04460153608769178
640x360,0.2304,0.04880320030450821
800x600,0.48,0.054283583376556636
1280x720,0.9216,0.06511971176043153
1920x1080,2.0736,0.1064842866435647
2560x1440,3.6864,0.15593324881792067
3840x2160,8.2944,0.30110825645923617
5120x2880,14.7456,0.5023832985758782
